path	classification
scripts/auditChallengeCreationPayloads.ts	read-only-candidate-review-required
scripts/auditChallengeProgressIntegrity.ts	read-only-candidate-review-required
scripts/auditChallengeTemplates.ts	read-only-candidate-review-required
scripts/auditDataFlow.cjs	read-only-candidate-review-required
scripts/auditFirestoreWellnessActivities.ts	write-risk/do-not-run
scripts/auditGroupDocumentSchema.ts	read-only-candidate-review-required
scripts/auditGroupFeedAfterLog.ts	read-only-candidate-review-required
scripts/auditGroupInviteCodes.ts	read-only-candidate-review-required
scripts/auditInviteMigrationReadiness.ts	write-risk/do-not-run
scripts/auditLegacyV1Challenges.ts	read-only-candidate-review-required
scripts/auditPrematureCompletions.ts	read-only-candidate-review-required
scripts/auditSmoke.ts	read-only-candidate-review-required
scripts/auditWellnessActivityCatalog.ts	read-only-candidate-review-required
scripts/backfillCatalogTemplateFields.ts	write-risk/do-not-run
scripts/backfillDiscoveryFields.ts	write-risk/do-not-run
scripts/backfillDurationDays.ts	write-risk/do-not-run
scripts/backfillGroupCounts.ts	write-risk/do-not-run
scripts/backfillLeaderboardScoring.ts	write-risk/do-not-run
scripts/backfillMemberActivitySummaries.ts	write-risk/do-not-run
scripts/backfillSupportDonationSummary.ts	write-risk/do-not-run
scripts/backfillUserMetrics.ts	write-risk/do-not-run
scripts/cleanupSeedData.ts	write-risk/do-not-run
scripts/cleanupSeedGroupMemberships.ts	write-risk/do-not-run
scripts/cleanupSeededChallengeMembers.ts	write-risk/do-not-run
scripts/diagnoseActivitySessionRules.ts	read-only-candidate-review-required
scripts/diagnoseBrowseChallengesPermission.ts	read-only-candidate-review-required
scripts/diagnoseProductionActivitySession.mjs	read-only-candidate-review-required
scripts/inspectScoringDocs.ts	read-only-candidate-review-required
scripts/loadExercises.ts	utility/uncertain
scripts/migrateInviteCodes.ts	write-risk/do-not-run
scripts/rebuildAdminMetrics.ts	utility/uncertain
scripts/repairCategoryAMemberships.ts	utility/uncertain
scripts/resetAllData.ts	write-risk/do-not-run
scripts/scanSecrets.mjs	utility/uncertain
scripts/seedAppData.ts	write-risk/do-not-run
scripts/seedBaselineData.ts	write-risk/do-not-run
scripts/seedWellnessActivities.ts	write-risk/do-not-run
scripts/seedWellnessTemplates.ts	write-risk/do-not-run
scripts/syncScreenLayouts.mjs	utility/uncertain
scripts/testActivitySessionRules.mjs	read-only-candidate-review-required
scripts/testAdminChallengeManagement.ts	read-only-candidate-review-required
scripts/testAdminDonationCurrencySourceGuards.ts	read-only-candidate-review-required
scripts/testAdminDonationDashboardGuards.ts	read-only-candidate-review-required
scripts/testCauseDonationGuards.ts	read-only-candidate-review-required
scripts/testChallengeActivityModel.ts	read-only-candidate-review-required
scripts/testChallengeCreation6Combinations.ts	read-only-candidate-review-required
scripts/testChallengeCreationBackend.ts	read-only-candidate-review-required
scripts/testChallengeLifecycleGuards.ts	read-only-candidate-review-required
scripts/testChallengePerformanceFinalRegressionGuards.ts	read-only-candidate-review-required
scripts/testChallengePerformanceSourceOfTruthGuards.ts	read-only-candidate-review-required
scripts/testChallengeRecapScreenGuards.ts	read-only-candidate-review-required
scripts/testChallengesViewPolish.ts	read-only-candidate-review-required
scripts/testCollectiveDoubleCountGuards.ts	read-only-candidate-review-required
scripts/testCollectiveTeamProgressRegressionGuards.ts	read-only-candidate-review-required
scripts/testDonationPilotGuards.ts	read-only-candidate-review-required
scripts/testExerciseLibraryIsometricGuards.ts	read-only-candidate-review-required
scripts/testExerciseMovementTypeUiGuards.ts	read-only-candidate-review-required
scripts/testGroupCardActiveChallengeCountGuards.ts	read-only-candidate-review-required
scripts/testGroupDetailAndEdit.ts	read-only-candidate-review-required
scripts/testGroupFeedAccuracyGuards.ts	read-only-candidate-review-required
scripts/testGroupFeedCardUiGuards.ts	read-only-candidate-review-required
scripts/testGroupFeedCommentsGuards.ts	read-only-candidate-review-required
scripts/testGroupFeedDataModelGuards.ts	read-only-candidate-review-required
scripts/testGroupFeedFiltersGuards.ts	read-only-candidate-review-required
scripts/testGroupFeedFinalQaGuards.ts	read-only-candidate-review-required
scripts/testGroupFeedLiveStatsGuards.ts	read-only-candidate-review-required
scripts/testGroupFeedMilestoneGuards.ts	read-only-candidate-review-required
scripts/testGroupFeedProgressGuards.ts	read-only-candidate-review-required
scripts/testGroupFeedProgressSnapshotGuards.ts	read-only-candidate-review-required
scripts/testGroupFeedReactionsGuards.ts	read-only-candidate-review-required
scripts/testGroupFeedStepCapGuards.ts	read-only-candidate-review-required
scripts/testGroupFeedStoriesGuards.ts	read-only-candidate-review-required
scripts/testGroupInviteBackend.ts	read-only-candidate-review-required
scripts/testGroupLifecycle.ts	read-only-candidate-review-required
scripts/testGroupRoutingAndProfileEdit.ts	read-only-candidate-review-required
scripts/testGroupTaxonomyAndOnboardingRuntime.ts	read-only-candidate-review-required
scripts/testGroupUxPolish.ts	read-only-candidate-review-required
scripts/testHomeChallengeFeeds.ts	read-only-candidate-review-required
scripts/testHomePerformanceGuards.ts	read-only-candidate-review-required
scripts/testLegacyChallengeRemovalGuards.ts	read-only-candidate-review-required
scripts/testLegalRoutingAndSafetyGuards.ts	read-only-candidate-review-required
scripts/testMobileLayoutGuards.ts	read-only-candidate-review-required
scripts/testOnboardingGuards.ts	read-only-candidate-review-required
scripts/testOnboardingPersistenceRuntime.ts	read-only-candidate-review-required
scripts/testP3aPilotFixes.ts	read-only-candidate-review-required
scripts/testPhase13E.ts	read-only-candidate-review-required
scripts/testPilotUxPolishGuards.ts	read-only-candidate-review-required
scripts/testProfileAnalyticsGuards.ts	read-only-candidate-review-required
scripts/testQuickActionsAndGroupCreation.ts	read-only-candidate-review-required
scripts/testRouteLinkAudit.ts	read-only-candidate-review-required
scripts/testScoringGuards.ts	read-only-candidate-review-required
scripts/testServerTimestampSentinels.mjs	read-only-candidate-review-required
scripts/testShareScreenGuards.ts	read-only-candidate-review-required
scripts/testShareTiiziInstallGuards.ts	read-only-candidate-review-required
scripts/testSupportDonationPayloadRuntime.ts	read-only-candidate-review-required
scripts/testSupportDonationStatusRules.mjs	read-only-candidate-review-required
scripts/testUserMetricsBackfillPayload.ts	write-risk/do-not-run
scripts/testUserProfilePatchEmulator.ts	read-only-candidate-review-required
scripts/testWellnessTemplateEditRuntime.ts	read-only-candidate-review-required
scripts/testWorkoutLoggedCompletionCtaGuards.ts	read-only-candidate-review-required
scripts/validateRepairPayload.ts	read-only-candidate-review-required
